{
  "attack_probability": 0.9292452931404114,
  "predicted_zone": 1,
  "ensemble_auc": 0.9980331139716927,
  "precision": 0.8348623853211009,
  "recall": 0.978494623655914,
  "f1_score": 0.900990099009901,
  "detection_rate": 0.978494623655914,
  "total_samples": 3887,
  "total_attacks_detected": 109
}