{
  "auc": 0.9980331139716927,
  "precision": 0.8348623853211009,
  "recall": 0.978494623655914,
  "f1_score": 0.900990099009901,
  "confusion_matrix": [
    [
      3776,
      18
    ],
    [
      2,
      91
    ]
  ]
}